user_id,user_age,user_gender,user_location,product_id,product_category,product_name,price,rating,purchase_count,timestamp
130,56,Female,South Heather,31,Sports,Material,315.93,4,2,2025-08-24
181,45,Male,East Lesliebury,87,Electronics,Imagine,106.15,2,1,2025-07-11
145,22,Female,Jimenezside,72,Beauty,Bill,211.38,2,2,2024-12-26
122,31,Male,East Sherrymouth,58,Sports,Determine,399.91,3,2,2025-07-25
76,22,Female,North Javierhaven,39,Electronics,Art,45.22,2,2,2025-02-19
17,32,Male,Nancyfurt,40,Electronics,They,381.14,5,3,2025-05-28
16,28,Female,Weissshire,20,Toys,Prove,261.07,4,2,2025-01-07
179,49,Male,West Kyle,66,Beauty,Choose,400.87,4,3,2025-01-27
140,50,Male,South Ashleyburgh,46,Sports,Lose,287.5,3,2,2025-05-12
44,41,Male,South Jennifer,69,Books,East,265.49,3,2,2025-04-22
60,33,Female,Brucefurt,51,Beauty,Go,289.48,3,2,2025-04-07
183,19,Male,Wadeside,88,Home,Million,261.73,2,1,2025-09-10
63,27,Male,Matthewburgh,42,Sports,Least,216.18,1,3,2025-03-13
182,42,Male,Hendersonport,93,Home,Attention,379.03,4,2,2025-07-10
86,20,Male,East Carl,61,Beauty,Difficult,135.91,1,3,2024-10-21
70,26,Female,Michaelberg,98,Books,Fund,334.81,1,2,2024-12-25
88,57,Female,New Bryantown,8,Books,Program,56.32,3,3,2024-10-13
115,44,Male,Justinview,2,Books,Movie,157.99,1,3,2025-08-23
36,32,Male,Nancyhaven,97,Electronics,Oil,397.3,2,1,2024-10-13
159,38,Female,Kristenhaven,92,Sports,Will,200.87,2,3,2025-06-14
79,49,Male,Velezborough,7,Toys,Who,438.07,2,1,2025-04-21
98,21,Male,Jasonfort,25,Sports,Fine,21.5,1,3,2025-07-14
181,45,Male,East Lesliebury,67,Sports,Bag,346.6,1,2,2025-06-07
143,48,Female,Jessicabury,40,Electronics,They,381.14,2,1,2024-12-24
65,29,Female,Denisetown,85,Clothing,Throughout,234.16,4,1,2025-01-03
155,20,Female,North Luis,63,Electronics,Decade,243.98,3,1,2025-08-13
160,20,Female,Vanessabury,83,Toys,Whether,143.0,5,3,2025-06-14
171,29,Male,Lopezstad,94,Sports,Sound,408.41,3,3,2025-05-14
135,44,Male,South Amanda,42,Sports,Least,216.18,2,2,2025-04-18
191,31,Female,North Patrick,93,Home,Attention,379.03,3,1,2025-03-20
49,58,Female,Robinsonborough,43,Toys,Happy,113.5,1,1,2025-08-07
196,57,Male,Nicolestad,40,Electronics,They,381.14,4,1,2025-03-27
52,28,Female,Gregoryhaven,28,Beauty,Training,263.23,5,1,2024-11-06
52,28,Female,Gregoryhaven,41,Books,Source,278.44,2,3,2025-06-23
118,40,Male,Taratown,2,Books,Movie,157.99,1,3,2024-12-04
101,42,Male,Jamieshire,89,Books,Same,257.5,1,3,2025-06-24
9,32,Male,New Debra,75,Clothing,Ten,39.28,2,3,2025-08-21
48,24,Female,New Kelly,73,Sports,Style,273.51,4,2,2024-09-27
31,59,Male,North Anna,87,Electronics,Imagine,106.15,1,1,2025-07-31
87,27,Male,Bonillastad,28,Beauty,Training,263.23,1,1,2025-05-13
61,20,Female,East Thomasburgh,91,Toys,Should,97.53,3,2,2025-07-28
182,42,Male,Hendersonport,6,Beauty,Appear,232.74,1,2,2024-09-17
112,46,Male,Millerberg,29,Home,Who,396.16,3,3,2025-01-23
51,24,Female,Beckshire,39,Electronics,Art,45.22,5,2,2024-12-21
149,36,Male,South Amanda,84,Electronics,Argue,476.06,5,2,2025-08-11
88,57,Female,New Bryantown,8,Books,Program,56.32,1,1,2025-04-28
74,48,Male,Carrollview,20,Toys,Prove,261.07,5,2,2025-01-13
57,33,Female,Port Shannon,63,Electronics,Decade,243.98,2,1,2024-09-14
157,21,Male,Andrewstad,65,Home,Tend,287.57,3,3,2024-10-05
200,28,Male,Christopherhaven,27,Electronics,Employee,400.92,3,1,2025-03-28
138,59,Female,Martinezberg,7,Toys,Who,438.07,5,3,2024-10-15
175,59,Male,Reedburgh,16,Home,Participant,218.12,1,3,2025-04-03
108,33,Male,South Jill,40,Electronics,They,381.14,1,1,2025-02-05
167,23,Female,North Kyleburgh,29,Home,Who,396.16,2,1,2024-09-12
159,38,Female,Kristenhaven,58,Sports,Determine,399.91,3,3,2024-10-31
25,29,Male,North Steven,10,Home,Tend,166.66,1,2,2025-07-18
17,32,Male,Nancyfurt,83,Toys,Whether,143.0,2,3,2025-09-02
44,41,Male,South Jennifer,13,Sports,Value,480.9,4,1,2025-03-23
115,44,Male,Justinview,50,Electronics,Million,326.38,4,1,2024-12-14
65,29,Female,Denisetown,71,Electronics,Write,257.63,5,2,2024-11-14
79,49,Male,Velezborough,10,Home,Tend,166.66,3,2,2025-05-12
20,26,Male,Port Ronaldville,77,Toys,Threat,412.61,3,1,2025-09-04
136,28,Male,Joelport,45,Clothing,Investment,240.42,1,3,2025-03-16
62,53,Male,Port Rachelport,26,Clothing,Foot,65.88,1,3,2025-06-15
78,53,Male,Paulhaven,83,Toys,Whether,143.0,3,2,2024-09-30
1,21,Male,Johnsonborough,68,Electronics,Capital,306.48,1,1,2024-11-17
143,48,Female,Jessicabury,45,Clothing,Investment,240.42,5,1,2025-06-11
110,59,Female,Malonefurt,7,Toys,Who,438.07,2,1,2025-04-27
156,51,Male,Wyattfurt,14,Toys,Approach,330.23,2,1,2025-02-20
33,55,Female,New Anneborough,3,Toys,Old,324.53,4,2,2024-09-17
11,18,Female,Johnsonstad,56,Toys,Question,166.6,1,2,2025-03-22
153,35,Male,East Anthony,78,Toys,Cut,125.31,5,3,2024-11-25
73,34,Male,South Brian,89,Books,Same,257.5,4,1,2025-06-08
182,42,Male,Hendersonport,95,Books,Try,144.49,4,1,2025-06-23
61,20,Female,East Thomasburgh,69,Books,East,265.49,2,3,2025-08-18
33,55,Female,New Anneborough,51,Beauty,Go,289.48,4,2,2025-09-03
63,27,Male,Matthewburgh,26,Clothing,Foot,65.88,3,2,2025-01-20
150,43,Male,North Briannafurt,92,Sports,Will,200.87,3,2,2025-03-29
60,33,Female,Brucefurt,2,Books,Movie,157.99,5,1,2025-02-15
173,33,Female,North Doris,84,Electronics,Argue,476.06,4,2,2025-02-11
109,60,Female,West Michaelamouth,74,Home,Out,253.96,5,1,2024-09-23
33,55,Female,New Anneborough,77,Toys,Threat,412.61,3,1,2024-09-13
60,33,Female,Brucefurt,52,Home,Live,284.17,4,3,2024-12-19
30,49,Male,Chasestad,59,Clothing,World,180.8,2,1,2024-11-19
137,31,Male,West Patrickberg,23,Books,Management,489.47,3,3,2024-09-18
91,30,Male,Michaelside,70,Sports,Adult,494.26,3,3,2025-09-09
176,24,Male,Marialand,39,Electronics,Art,45.22,2,1,2025-02-21
52,28,Female,Gregoryhaven,45,Clothing,Investment,240.42,2,1,2024-10-15
109,60,Female,West Michaelamouth,32,Books,Enter,321.9,3,1,2024-10-06
158,30,Male,New Thomas,26,Clothing,Foot,65.88,3,3,2025-06-04
90,27,Male,Pennymouth,54,Clothing,Four,324.56,5,3,2025-01-25
10,23,Female,Steventon,82,Beauty,Officer,41.05,4,2,2025-09-08
55,21,Male,Stantonshire,52,Home,Live,284.17,3,2,2024-10-20
39,28,Female,Timothyfurt,59,Clothing,World,180.8,3,1,2025-05-01
39,28,Female,Timothyfurt,64,Sports,Remember,428.15,2,2,2025-06-01
184,45,Male,Jacksonborough,18,Home,Partner,442.24,4,1,2025-03-07
123,37,Male,North Jamesview,56,Toys,Question,166.6,2,3,2025-08-02
24,32,Male,New Erinshire,83,Toys,Whether,143.0,1,2,2024-10-22
61,20,Female,East Thomasburgh,18,Home,Partner,442.24,2,3,2025-03-18
143,48,Female,Jessicabury,99,Clothing,Maintain,398.65,4,2,2025-08-21
117,25,Male,Adamport,27,Electronics,Employee,400.92,4,3,2025-01-01
125,20,Male,Andersonhaven,35,Electronics,Citizen,172.24,2,2,2025-02-05
189,59,Female,South Dale,27,Electronics,Employee,400.92,3,1,2025-04-09
90,27,Male,Pennymouth,13,Sports,Value,480.9,4,1,2025-05-02
164,31,Male,Stevenhaven,96,Home,Direction,90.67,2,2,2025-03-03
174,39,Male,Smithport,12,Toys,Someone,193.62,3,2,2025-01-28
49,58,Female,Robinsonborough,32,Books,Enter,321.9,1,1,2025-03-07
161,20,Female,Lake Frank,42,Sports,Least,216.18,2,3,2025-01-08
139,28,Male,East Sabrina,91,Toys,Should,97.53,1,2,2025-06-13
107,22,Female,Port Jonathan,67,Sports,Bag,346.6,3,3,2025-06-28
98,21,Male,Jasonfort,22,Clothing,Officer,108.79,1,1,2025-02-20
77,20,Male,Tyronemouth,61,Beauty,Difficult,135.91,4,1,2025-04-25
159,38,Female,Kristenhaven,2,Books,Movie,157.99,1,2,2025-03-18
25,29,Male,North Steven,55,Sports,Figure,428.94,1,1,2025-02-04
182,42,Male,Hendersonport,54,Clothing,Four,324.56,4,2,2025-04-10
155,20,Female,North Luis,93,Home,Attention,379.03,3,2,2025-01-23
9,32,Male,New Debra,84,Electronics,Argue,476.06,4,2,2025-04-14
175,59,Male,Reedburgh,7,Toys,Who,438.07,5,1,2025-06-27
124,46,Male,Snowport,51,Beauty,Go,289.48,1,3,2024-11-24
61,20,Female,East Thomasburgh,31,Sports,Material,315.93,2,1,2025-06-22
71,20,Female,Christopherview,40,Electronics,They,381.14,5,3,2025-05-16
104,36,Male,Melissaside,87,Electronics,Imagine,106.15,1,2,2025-02-02
198,32,Female,West Shannon,39,Electronics,Art,45.22,3,1,2025-01-23
131,32,Male,Howardmouth,58,Sports,Determine,399.91,3,3,2025-03-04
176,24,Male,Marialand,41,Books,Source,278.44,2,1,2025-08-13
5,58,Male,Stacyfurt,87,Electronics,Imagine,106.15,5,1,2025-06-01
68,42,Male,Cherylmouth,25,Sports,Fine,21.5,1,1,2025-06-29
98,21,Male,Jasonfort,74,Home,Out,253.96,1,2,2025-05-15
132,24,Male,Jamesborough,70,Sports,Adult,494.26,3,2,2024-12-17
86,20,Male,East Carl,77,Toys,Threat,412.61,2,2,2024-10-31
131,32,Male,Howardmouth,87,Electronics,Imagine,106.15,2,1,2025-01-19
43,52,Female,West Melindaburgh,54,Clothing,Four,324.56,5,1,2024-12-18
48,24,Female,New Kelly,53,Clothing,Official,322.47,3,2,2025-05-27
75,28,Female,Jacksonland,31,Sports,Material,315.93,4,3,2024-10-04
3,44,Female,Courtneyside,10,Home,Tend,166.66,3,1,2025-03-17
8,18,Female,Marshallville,64,Sports,Remember,428.15,1,3,2024-11-22
165,25,Male,Donaldside,77,Toys,Threat,412.61,3,1,2025-03-18
195,23,Female,Williamsmouth,69,Books,East,265.49,4,3,2025-02-12
37,55,Male,Garnerbury,40,Electronics,They,381.14,4,1,2025-07-23
70,26,Female,Michaelberg,83,Toys,Whether,143.0,4,2,2025-05-29
127,45,Male,Port Tinabury,96,Home,Direction,90.67,5,3,2025-06-29
147,51,Female,Claytontown,84,Electronics,Argue,476.06,3,1,2025-03-10
88,57,Female,New Bryantown,41,Books,Source,278.44,2,1,2025-07-19
26,54,Female,Port Cindyborough,89,Books,Same,257.5,3,2,2025-02-06
27,56,Male,South Rebeccaville,39,Electronics,Art,45.22,3,3,2025-06-25
74,48,Male,Carrollview,64,Sports,Remember,428.15,1,3,2024-09-12
195,23,Female,Williamsmouth,43,Toys,Happy,113.5,5,3,2024-12-08
77,20,Male,Tyronemouth,64,Sports,Remember,428.15,2,2,2024-09-22
140,50,Male,South Ashleyburgh,1,Sports,Indeed,246.24,3,3,2024-10-08
58,57,Female,Tylerfort,8,Books,Program,56.32,2,2,2025-05-27
51,24,Female,Beckshire,6,Beauty,Appear,232.74,4,3,2025-03-20
74,48,Male,Carrollview,71,Electronics,Write,257.63,1,2,2025-02-03
50,46,Male,South Thomas,63,Electronics,Decade,243.98,2,3,2025-06-19
58,57,Female,Tylerfort,25,Sports,Fine,21.5,4,3,2024-12-09
16,28,Female,Weissshire,66,Beauty,Choose,400.87,2,3,2025-04-17
38,46,Female,Sheliachester,7,Toys,Who,438.07,4,3,2025-08-02
196,57,Male,Nicolestad,13,Sports,Value,480.9,3,2,2024-09-14
107,22,Female,Port Jonathan,38,Toys,Perform,249.73,5,1,2024-10-14
163,40,Female,South Michealborough,95,Books,Try,144.49,4,3,2025-04-22
111,47,Female,Friedmanmouth,44,Sports,Call,425.33,1,1,2024-10-12
155,20,Female,North Luis,36,Sports,Change,387.38,4,1,2025-03-14
42,34,Male,Jasminebury,10,Home,Tend,166.66,5,2,2025-02-04
49,58,Female,Robinsonborough,41,Books,Source,278.44,1,2,2025-05-06
20,26,Male,Port Ronaldville,78,Toys,Cut,125.31,5,1,2025-07-15
63,27,Male,Matthewburgh,2,Books,Movie,157.99,4,2,2024-10-02
164,31,Male,Stevenhaven,24,Books,Very,216.73,4,2,2025-05-15
101,42,Male,Jamieshire,7,Toys,Who,438.07,1,3,2025-04-08
110,59,Female,Malonefurt,93,Home,Attention,379.03,3,2,2024-10-24
149,36,Male,South Amanda,74,Home,Out,253.96,2,3,2024-10-27
131,32,Male,Howardmouth,50,Electronics,Million,326.38,4,1,2024-11-18
63,27,Male,Matthewburgh,77,Toys,Threat,412.61,4,1,2024-12-23
21,48,Male,Jenniferburgh,65,Home,Tend,287.57,5,3,2025-02-15
176,24,Male,Marialand,4,Clothing,Whatever,203.23,3,3,2024-12-24
26,54,Female,Port Cindyborough,53,Clothing,Official,322.47,1,2,2025-05-16
150,43,Male,North Briannafurt,12,Toys,Someone,193.62,1,3,2025-05-08
196,57,Male,Nicolestad,41,Books,Source,278.44,4,2,2024-12-14
95,37,Male,South Oliviahaven,17,Home,Subject,55.98,5,1,2025-01-18
47,33,Female,West Gabrielleburgh,30,Sports,Soldier,481.28,4,2,2024-10-09
20,26,Male,Port Ronaldville,49,Electronics,Letter,278.83,2,1,2025-02-21
187,30,Female,South Kristina,19,Home,Personal,112.17,2,1,2025-02-02
91,30,Male,Michaelside,23,Books,Management,489.47,4,1,2024-11-12
69,22,Male,Port Cody,90,Clothing,Several,402.58,4,3,2024-10-15
187,30,Female,South Kristina,76,Clothing,Specific,497.97,3,1,2025-05-13
147,51,Female,Claytontown,70,Sports,Adult,494.26,4,1,2025-06-15
124,46,Male,Snowport,3,Toys,Old,324.53,2,1,2024-11-10
101,42,Male,Jamieshire,78,Toys,Cut,125.31,1,2,2025-01-30
115,44,Male,Justinview,32,Books,Enter,321.9,3,2,2025-04-01
64,27,Female,East Colinton,49,Electronics,Letter,278.83,2,1,2025-02-27
160,20,Female,Vanessabury,67,Sports,Bag,346.6,3,1,2024-11-28
181,45,Male,East Lesliebury,16,Home,Participant,218.12,4,3,2024-10-18
14,26,Female,Joshuafort,45,Clothing,Investment,240.42,4,2,2025-08-15
28,28,Male,Amyshire,52,Home,Live,284.17,5,2,2024-12-10
87,27,Male,Bonillastad,97,Electronics,Oil,397.3,2,2,2025-02-24
118,40,Male,Taratown,9,Sports,Since,87.82,2,3,2024-10-15
137,31,Male,West Patrickberg,31,Sports,Material,315.93,4,1,2025-07-11
47,33,Female,West Gabrielleburgh,16,Home,Participant,218.12,4,1,2024-10-21
52,28,Female,Gregoryhaven,98,Books,Fund,334.81,4,2,2025-07-07
45,53,Female,Port Sheryl,67,Sports,Bag,346.6,1,3,2025-04-24
86,20,Male,East Carl,81,Home,Hospital,124.18,2,2,2024-12-30
67,36,Female,West Mark,73,Sports,Style,273.51,3,2,2025-02-18
37,55,Male,Garnerbury,46,Sports,Lose,287.5,2,2,2025-09-11
62,53,Male,Port Rachelport,45,Clothing,Investment,240.42,1,1,2025-02-11
101,42,Male,Jamieshire,8,Books,Program,56.32,1,1,2025-07-18
20,26,Male,Port Ronaldville,80,Home,Onto,359.34,5,2,2025-01-14
19,60,Male,New Matthew,98,Books,Fund,334.81,4,3,2024-12-09
74,48,Male,Carrollview,53,Clothing,Official,322.47,4,1,2024-12-07
40,26,Female,Kurtmouth,1,Sports,Indeed,246.24,5,1,2025-05-27
117,25,Male,Adamport,73,Sports,Style,273.51,5,3,2025-01-12
120,49,Female,Sarahland,100,Home,Knowledge,121.46,2,1,2025-08-15
191,31,Female,North Patrick,76,Clothing,Specific,497.97,1,3,2024-10-07
189,59,Female,South Dale,90,Clothing,Several,402.58,2,3,2024-12-28
90,27,Male,Pennymouth,100,Home,Knowledge,121.46,3,2,2025-07-25
43,52,Female,West Melindaburgh,28,Beauty,Training,263.23,2,3,2025-02-02
10,23,Female,Steventon,75,Clothing,Ten,39.28,2,3,2025-03-13
119,35,Female,Lake Sarahton,18,Home,Partner,442.24,3,3,2025-09-11
92,35,Male,New Nichole,98,Books,Fund,334.81,1,1,2025-06-04
40,26,Female,Kurtmouth,56,Toys,Question,166.6,2,3,2025-06-27
170,21,Male,West Garyfort,78,Toys,Cut,125.31,5,2,2025-08-12
98,21,Male,Jasonfort,92,Sports,Will,200.87,5,2,2025-08-02
43,52,Female,West Melindaburgh,39,Electronics,Art,45.22,3,2,2025-02-24
114,22,Female,Davidton,1,Sports,Indeed,246.24,3,1,2025-03-21
26,54,Female,Port Cindyborough,26,Clothing,Foot,65.88,2,1,2024-12-06
46,27,Female,South Emilyport,33,Home,Short,445.98,2,2,2025-05-26
159,38,Female,Kristenhaven,76,Clothing,Specific,497.97,3,1,2024-12-29
98,21,Male,Jasonfort,94,Sports,Sound,408.41,2,2,2025-07-03
116,49,Female,North Michelle,85,Clothing,Throughout,234.16,1,3,2025-06-20
41,25,Male,South William,13,Sports,Value,480.9,2,2,2025-07-13
117,25,Male,Adamport,6,Beauty,Appear,232.74,3,2,2025-02-09
140,50,Male,South Ashleyburgh,86,Sports,Summer,188.36,2,3,2024-11-15
56,41,Male,North Scott,46,Sports,Lose,287.5,2,1,2024-10-14
64,27,Female,East Colinton,39,Electronics,Art,45.22,1,3,2025-02-07
152,60,Female,Port Justinfort,34,Beauty,Charge,86.0,1,3,2025-06-26
75,28,Female,Jacksonland,75,Clothing,Ten,39.28,4,2,2025-06-28
66,22,Male,West Deanna,22,Clothing,Officer,108.79,2,2,2025-08-30
42,34,Male,Jasminebury,14,Toys,Approach,330.23,4,3,2024-12-16
84,31,Male,South Sandrachester,39,Electronics,Art,45.22,1,2,2025-03-30
4,59,Female,Dianatown,63,Electronics,Decade,243.98,4,1,2024-12-11
56,41,Male,North Scott,52,Home,Live,284.17,2,2,2024-09-21
130,56,Female,South Heather,3,Toys,Old,324.53,2,3,2024-12-28
144,21,Male,North Thomasmouth,44,Sports,Call,425.33,3,3,2025-05-10
123,37,Male,North Jamesview,82,Beauty,Officer,41.05,3,3,2025-08-20
168,26,Female,Port James,1,Sports,Indeed,246.24,5,1,2024-10-08
41,25,Male,South William,93,Home,Attention,379.03,5,2,2025-01-03
100,47,Female,North Edward,15,Electronics,Guess,318.11,1,3,2025-01-18
60,33,Female,Brucefurt,89,Books,Same,257.5,1,3,2025-01-06
160,20,Female,Vanessabury,30,Sports,Soldier,481.28,3,3,2024-12-23
112,46,Male,Millerberg,9,Sports,Since,87.82,3,3,2024-09-15
18,24,Female,Choimouth,24,Books,Very,216.73,2,2,2025-03-29
169,60,Male,West Barbarastad,75,Clothing,Ten,39.28,3,3,2025-04-25
128,23,Female,Rosemouth,69,Books,East,265.49,5,2,2025-01-03
27,56,Male,South Rebeccaville,74,Home,Out,253.96,4,2,2024-10-26
114,22,Female,Davidton,63,Electronics,Decade,243.98,4,2,2024-11-08
180,46,Female,Port Christy,49,Electronics,Letter,278.83,1,3,2025-02-09
75,28,Female,Jacksonland,69,Books,East,265.49,3,3,2025-03-24
106,20,Male,Lake Thomasville,23,Books,Management,489.47,5,3,2025-07-31
146,26,Male,Port Michael,29,Home,Who,396.16,3,3,2024-11-25
61,20,Female,East Thomasburgh,81,Home,Hospital,124.18,4,1,2025-04-27
10,23,Female,Steventon,34,Beauty,Charge,86.0,1,3,2024-11-06
183,19,Male,Wadeside,42,Sports,Least,216.18,5,2,2025-01-16
153,35,Male,East Anthony,64,Sports,Remember,428.15,1,2,2024-12-16
1,21,Male,Johnsonborough,32,Books,Enter,321.9,5,1,2025-04-30
27,56,Male,South Rebeccaville,9,Sports,Since,87.82,1,1,2024-10-13
138,59,Female,Martinezberg,10,Home,Tend,166.66,3,1,2025-09-11
87,27,Male,Bonillastad,98,Books,Fund,334.81,2,3,2025-03-25
167,23,Female,North Kyleburgh,10,Home,Tend,166.66,4,3,2025-05-05
24,32,Male,New Erinshire,91,Toys,Should,97.53,5,1,2024-10-17
153,35,Male,East Anthony,40,Electronics,They,381.14,5,1,2025-02-15
107,22,Female,Port Jonathan,26,Clothing,Foot,65.88,1,2,2025-04-27
52,28,Female,Gregoryhaven,89,Books,Same,257.5,4,1,2024-11-06
63,27,Male,Matthewburgh,100,Home,Knowledge,121.46,5,2,2024-11-24
112,46,Male,Millerberg,31,Sports,Material,315.93,2,2,2025-08-15
84,31,Male,South Sandrachester,92,Sports,Will,200.87,1,1,2024-11-25
1,21,Male,Johnsonborough,3,Toys,Old,324.53,3,2,2024-10-08
198,32,Female,West Shannon,49,Electronics,Letter,278.83,3,3,2025-06-18
22,32,Female,Pamside,60,Beauty,Art,285.59,4,3,2024-12-11
170,21,Male,West Garyfort,29,Home,Who,396.16,4,1,2025-01-10
25,29,Male,North Steven,46,Sports,Lose,287.5,3,3,2025-05-10
91,30,Male,Michaelside,71,Electronics,Write,257.63,3,2,2024-09-18
195,23,Female,Williamsmouth,2,Books,Movie,157.99,5,1,2024-10-10
140,50,Male,South Ashleyburgh,54,Clothing,Four,324.56,2,1,2025-08-24
93,44,Male,Port Nicoleburgh,86,Sports,Summer,188.36,2,2,2025-04-25
172,20,Female,Port David,5,Clothing,News,158.4,3,1,2025-02-14
86,20,Male,East Carl,63,Electronics,Decade,243.98,1,1,2025-05-04
180,46,Female,Port Christy,89,Books,Same,257.5,2,2,2025-03-21
146,26,Male,Port Michael,9,Sports,Since,87.82,2,1,2025-08-09
88,57,Female,New Bryantown,10,Home,Tend,166.66,3,3,2025-06-29
194,45,Female,North Brian,6,Beauty,Appear,232.74,2,3,2025-08-29
56,41,Male,North Scott,91,Toys,Should,97.53,5,1,2024-11-22
193,51,Female,Garnerton,43,Toys,Happy,113.5,4,2,2025-03-06
156,51,Male,Wyattfurt,12,Toys,Someone,193.62,2,2,2024-11-14
166,22,Female,Lake Luiston,57,Sports,Along,441.33,5,1,2025-03-06
12,46,Female,Potterborough,29,Home,Who,396.16,2,1,2025-04-11
63,27,Male,Matthewburgh,81,Home,Hospital,124.18,3,2,2025-07-15
22,32,Female,Pamside,94,Sports,Sound,408.41,4,2,2024-09-14
194,45,Female,North Brian,41,Books,Source,278.44,4,2,2025-09-02
126,41,Male,Lake Ryan,95,Books,Try,144.49,2,3,2025-03-29
28,28,Male,Amyshire,86,Sports,Summer,188.36,4,3,2025-06-02
91,30,Male,Michaelside,41,Books,Source,278.44,3,3,2025-06-26
21,48,Male,Jenniferburgh,51,Beauty,Go,289.48,5,3,2024-10-09
141,53,Female,Lake Patrickside,3,Toys,Old,324.53,3,2,2025-01-03
152,60,Female,Port Justinfort,19,Home,Personal,112.17,1,3,2025-07-19
195,23,Female,Williamsmouth,24,Books,Very,216.73,5,2,2025-06-29
38,46,Female,Sheliachester,64,Sports,Remember,428.15,2,3,2025-02-15
96,29,Male,South Meganside,69,Books,East,265.49,2,3,2025-05-07
7,49,Female,West Samanthaside,71,Electronics,Write,257.63,2,1,2025-07-02
26,54,Female,Port Cindyborough,22,Clothing,Officer,108.79,2,2,2024-11-06
28,28,Male,Amyshire,40,Electronics,They,381.14,4,3,2025-07-15
129,44,Female,Port Jacob,28,Beauty,Training,263.23,5,1,2024-09-23
62,53,Male,Port Rachelport,52,Home,Live,284.17,5,2,2025-08-07
155,20,Female,North Luis,33,Home,Short,445.98,1,1,2025-07-30
50,46,Male,South Thomas,64,Sports,Remember,428.15,5,3,2025-07-15
71,20,Female,Christopherview,20,Toys,Prove,261.07,1,1,2025-01-28
176,24,Male,Marialand,18,Home,Partner,442.24,4,3,2025-02-15
28,28,Male,Amyshire,17,Home,Subject,55.98,5,2,2025-04-14
134,27,Female,Fisherland,70,Sports,Adult,494.26,3,3,2024-12-27
122,31,Male,East Sherrymouth,35,Electronics,Citizen,172.24,4,1,2024-12-06
43,52,Female,West Melindaburgh,34,Beauty,Charge,86.0,2,3,2025-04-23
176,24,Male,Marialand,68,Electronics,Capital,306.48,3,2,2025-04-06
164,31,Male,Stevenhaven,47,Clothing,Responsibility,98.25,1,2,2024-09-18
138,59,Female,Martinezberg,28,Beauty,Training,263.23,5,1,2025-01-27
94,43,Male,Kevinshire,29,Home,Who,396.16,1,3,2025-05-26
193,51,Female,Garnerton,66,Beauty,Choose,400.87,3,1,2025-08-18
200,28,Male,Christopherhaven,19,Home,Personal,112.17,1,2,2025-04-03
85,33,Male,Samuelton,91,Toys,Should,97.53,3,1,2025-06-10
131,32,Male,Howardmouth,72,Beauty,Bill,211.38,4,2,2024-10-18
160,20,Female,Vanessabury,65,Home,Tend,287.57,5,1,2025-02-11
46,27,Female,South Emilyport,14,Toys,Approach,330.23,5,1,2024-10-17
55,21,Male,Stantonshire,9,Sports,Since,87.82,2,3,2025-09-10
105,38,Male,West Crystal,40,Electronics,They,381.14,2,1,2024-12-12
55,21,Male,Stantonshire,15,Electronics,Guess,318.11,4,1,2024-11-25
73,34,Male,South Brian,84,Electronics,Argue,476.06,2,1,2025-04-10
159,38,Female,Kristenhaven,24,Books,Very,216.73,1,1,2025-04-23
98,21,Male,Jasonfort,73,Sports,Style,273.51,4,1,2025-08-21
144,21,Male,North Thomasmouth,19,Home,Personal,112.17,2,1,2025-05-24
105,38,Male,West Crystal,68,Electronics,Capital,306.48,2,2,2025-02-28
100,47,Female,North Edward,81,Home,Hospital,124.18,3,2,2024-11-04
77,20,Male,Tyronemouth,50,Electronics,Million,326.38,5,3,2025-01-07
112,46,Male,Millerberg,48,Beauty,In,65.72,5,2,2024-11-21
26,54,Female,Port Cindyborough,59,Clothing,World,180.8,5,2,2025-05-16
74,48,Male,Carrollview,69,Books,East,265.49,1,1,2024-10-21
165,25,Male,Donaldside,46,Sports,Lose,287.5,5,1,2025-05-24
184,45,Male,Jacksonborough,39,Electronics,Art,45.22,2,1,2025-01-13
113,44,Male,East Daniel,96,Home,Direction,90.67,2,1,2025-05-27
130,56,Female,South Heather,43,Toys,Happy,113.5,4,1,2024-11-25
74,48,Male,Carrollview,51,Beauty,Go,289.48,4,2,2025-07-31
146,26,Male,Port Michael,46,Sports,Lose,287.5,4,3,2025-06-24
179,49,Male,West Kyle,33,Home,Short,445.98,3,1,2024-09-28
124,46,Male,Snowport,57,Sports,Along,441.33,3,1,2025-07-24
42,34,Male,Jasminebury,72,Beauty,Bill,211.38,5,2,2025-04-06
134,27,Female,Fisherland,56,Toys,Question,166.6,3,1,2024-11-18
34,34,Male,East Elijahchester,29,Home,Who,396.16,2,2,2025-02-16
21,48,Male,Jenniferburgh,61,Beauty,Difficult,135.91,3,3,2024-11-16
164,31,Male,Stevenhaven,69,Books,East,265.49,5,3,2025-06-27
163,40,Female,South Michealborough,42,Sports,Least,216.18,5,1,2025-07-01
189,59,Female,South Dale,69,Books,East,265.49,3,2,2025-09-08
62,53,Male,Port Rachelport,94,Sports,Sound,408.41,2,2,2024-12-28
98,21,Male,Jasonfort,57,Sports,Along,441.33,4,3,2025-07-19
13,40,Male,Littlechester,81,Home,Hospital,124.18,4,3,2024-11-25
85,33,Male,Samuelton,8,Books,Program,56.32,4,3,2025-03-20
134,27,Female,Fisherland,19,Home,Personal,112.17,2,3,2025-07-27
123,37,Male,North Jamesview,48,Beauty,In,65.72,1,1,2025-05-27
152,60,Female,Port Justinfort,54,Clothing,Four,324.56,2,1,2025-08-01
193,51,Female,Garnerton,93,Home,Attention,379.03,2,2,2024-11-05
47,33,Female,West Gabrielleburgh,41,Books,Source,278.44,3,2,2025-06-16
85,33,Male,Samuelton,14,Toys,Approach,330.23,3,2,2025-08-27
142,26,Female,Webbberg,79,Toys,Today,448.47,1,2,2025-06-10
170,21,Male,West Garyfort,53,Clothing,Official,322.47,2,1,2025-02-26
190,20,Female,Clarencetown,71,Electronics,Write,257.63,4,2,2025-06-07
8,18,Female,Marshallville,82,Beauty,Officer,41.05,4,2,2024-10-13
127,45,Male,Port Tinabury,31,Sports,Material,315.93,1,2,2024-12-22
68,42,Male,Cherylmouth,12,Toys,Someone,193.62,2,1,2024-10-08
30,49,Male,Chasestad,41,Books,Source,278.44,2,1,2025-08-07
62,53,Male,Port Rachelport,7,Toys,Who,438.07,3,2,2025-03-22
153,35,Male,East Anthony,74,Home,Out,253.96,2,2,2025-07-23
51,24,Female,Beckshire,72,Beauty,Bill,211.38,3,3,2025-06-28
99,50,Female,Lake Randy,99,Clothing,Maintain,398.65,5,3,2024-12-12
172,20,Female,Port David,38,Toys,Perform,249.73,5,3,2025-01-02
96,29,Male,South Meganside,79,Toys,Today,448.47,3,2,2025-02-03
20,26,Male,Port Ronaldville,20,Toys,Prove,261.07,4,2,2024-11-26
118,40,Male,Taratown,86,Sports,Summer,188.36,1,2,2024-10-30
186,57,Male,Shawfort,58,Sports,Determine,399.91,4,2,2024-09-15
140,50,Male,South Ashleyburgh,47,Clothing,Responsibility,98.25,4,3,2025-05-17
14,26,Female,Joshuafort,60,Beauty,Art,285.59,2,2,2025-09-11
13,40,Male,Littlechester,41,Books,Source,278.44,2,1,2025-05-24
23,52,Male,New Curtis,37,Sports,Series,259.26,3,1,2025-01-04
52,28,Female,Gregoryhaven,73,Sports,Style,273.51,5,3,2025-08-17
24,32,Male,New Erinshire,9,Sports,Since,87.82,5,2,2025-08-11
73,34,Male,South Brian,36,Sports,Change,387.38,2,1,2025-06-22
78,53,Male,Paulhaven,67,Sports,Bag,346.6,3,2,2024-11-03
127,45,Male,Port Tinabury,35,Electronics,Citizen,172.24,3,1,2025-08-02
7,49,Female,West Samanthaside,98,Books,Fund,334.81,5,1,2025-01-21
133,39,Female,Port Alfredville,18,Home,Partner,442.24,1,2,2025-02-24
185,48,Male,Johnsonchester,80,Home,Onto,359.34,1,2,2025-07-07
3,44,Female,Courtneyside,41,Books,Source,278.44,3,2,2024-09-15
64,27,Female,East Colinton,60,Beauty,Art,285.59,2,1,2024-11-22
171,29,Male,Lopezstad,50,Electronics,Million,326.38,1,1,2025-06-01
45,53,Female,Port Sheryl,22,Clothing,Officer,108.79,3,3,2025-06-17
68,42,Male,Cherylmouth,84,Electronics,Argue,476.06,4,3,2025-07-14
182,42,Male,Hendersonport,48,Beauty,In,65.72,3,3,2025-07-10
67,36,Female,West Mark,16,Home,Participant,218.12,1,2,2025-06-04
25,29,Male,North Steven,72,Beauty,Bill,211.38,3,3,2024-11-17
6,53,Female,North Kerrytown,2,Books,Movie,157.99,1,1,2025-01-30
8,18,Female,Marshallville,99,Clothing,Maintain,398.65,3,3,2025-03-21
14,26,Female,Joshuafort,26,Clothing,Foot,65.88,5,3,2025-04-21
127,45,Male,Port Tinabury,30,Sports,Soldier,481.28,2,2,2025-03-11
181,45,Male,East Lesliebury,55,Sports,Figure,428.94,4,1,2024-10-03
19,60,Male,New Matthew,37,Sports,Series,259.26,4,1,2024-11-05
103,19,Female,Lake Brian,46,Sports,Lose,287.5,2,3,2025-08-10
13,40,Male,Littlechester,4,Clothing,Whatever,203.23,3,3,2024-10-25
157,21,Male,Andrewstad,73,Sports,Style,273.51,3,2,2025-05-06
55,21,Male,Stantonshire,68,Electronics,Capital,306.48,4,2,2025-06-21
67,36,Female,West Mark,32,Books,Enter,321.9,2,2,2025-04-01
32,47,Female,Masonmouth,37,Sports,Series,259.26,5,2,2025-04-22
7,49,Female,West Samanthaside,55,Sports,Figure,428.94,3,2,2025-05-05
16,28,Female,Weissshire,68,Electronics,Capital,306.48,5,2,2025-06-10
102,32,Female,Kylebury,62,Sports,Military,372.05,4,3,2025-04-17
93,44,Male,Port Nicoleburgh,68,Electronics,Capital,306.48,4,1,2025-07-13
199,44,Male,Kylestad,8,Books,Program,56.32,2,3,2025-01-17
184,45,Male,Jacksonborough,30,Sports,Soldier,481.28,3,1,2025-04-26
108,33,Male,South Jill,94,Sports,Sound,408.41,2,3,2025-07-30
48,24,Female,New Kelly,15,Electronics,Guess,318.11,5,3,2025-05-17
30,49,Male,Chasestad,49,Electronics,Letter,278.83,2,2,2024-10-21
38,46,Female,Sheliachester,7,Toys,Who,438.07,5,1,2025-05-16
186,57,Male,Shawfort,5,Clothing,News,158.4,1,2,2025-01-01
118,40,Male,Taratown,98,Books,Fund,334.81,5,1,2024-10-11
104,36,Male,Melissaside,13,Sports,Value,480.9,1,1,2025-08-22
81,30,Male,Edwardsside,87,Electronics,Imagine,106.15,5,1,2024-11-02
20,26,Male,Port Ronaldville,25,Sports,Fine,21.5,5,1,2025-03-04
10,23,Female,Steventon,39,Electronics,Art,45.22,5,1,2025-07-15
138,59,Female,Martinezberg,22,Clothing,Officer,108.79,5,1,2024-11-27
157,21,Male,Andrewstad,31,Sports,Material,315.93,3,3,2025-05-02
76,22,Female,North Javierhaven,57,Sports,Along,441.33,1,1,2024-10-28
25,29,Male,North Steven,81,Home,Hospital,124.18,2,2,2024-12-10
173,33,Female,North Doris,92,Sports,Will,200.87,3,3,2025-01-11
123,37,Male,North Jamesview,98,Books,Fund,334.81,5,1,2025-08-11
186,57,Male,Shawfort,37,Sports,Series,259.26,1,1,2025-01-11
24,32,Male,New Erinshire,63,Electronics,Decade,243.98,4,3,2024-09-20
159,38,Female,Kristenhaven,78,Toys,Cut,125.31,2,2,2025-05-10
106,20,Male,Lake Thomasville,49,Electronics,Letter,278.83,5,1,2025-06-27
186,57,Male,Shawfort,99,Clothing,Maintain,398.65,4,2,2024-12-11
1,21,Male,Johnsonborough,58,Sports,Determine,399.91,2,1,2024-12-14
43,52,Female,West Melindaburgh,53,Clothing,Official,322.47,3,3,2025-05-02
45,53,Female,Port Sheryl,55,Sports,Figure,428.94,4,2,2025-06-26
60,33,Female,Brucefurt,28,Beauty,Training,263.23,3,2,2025-04-16
182,42,Male,Hendersonport,47,Clothing,Responsibility,98.25,3,1,2024-11-14
160,20,Female,Vanessabury,38,Toys,Perform,249.73,3,3,2024-10-20
118,40,Male,Taratown,77,Toys,Threat,412.61,4,2,2025-04-14
98,21,Male,Jasonfort,71,Electronics,Write,257.63,2,2,2025-07-12
101,42,Male,Jamieshire,16,Home,Participant,218.12,3,1,2025-05-24
59,49,Male,West Laura,3,Toys,Old,324.53,3,3,2025-03-22
172,20,Female,Port David,54,Clothing,Four,324.56,1,3,2025-07-29
168,26,Female,Port James,80,Home,Onto,359.34,1,2,2025-03-11
52,28,Female,Gregoryhaven,29,Home,Who,396.16,4,1,2024-11-05
102,32,Female,Kylebury,55,Sports,Figure,428.94,1,3,2025-03-11
129,44,Female,Port Jacob,100,Home,Knowledge,121.46,4,3,2024-10-07
26,54,Female,Port Cindyborough,21,Electronics,International,380.03,3,1,2024-10-30
103,19,Female,Lake Brian,78,Toys,Cut,125.31,3,2,2025-01-02
44,41,Male,South Jennifer,29,Home,Who,396.16,5,1,2025-03-20
114,22,Female,Davidton,84,Electronics,Argue,476.06,2,1,2025-05-14
17,32,Male,Nancyfurt,97,Electronics,Oil,397.3,2,3,2025-04-04
118,40,Male,Taratown,62,Sports,Military,372.05,5,3,2025-05-18
30,49,Male,Chasestad,38,Toys,Perform,249.73,3,3,2024-10-24
5,58,Male,Stacyfurt,89,Books,Same,257.5,2,3,2025-05-06
143,48,Female,Jessicabury,35,Electronics,Citizen,172.24,4,2,2025-07-30
31,59,Male,North Anna,89,Books,Same,257.5,4,1,2025-01-27
93,44,Male,Port Nicoleburgh,21,Electronics,International,380.03,4,2,2025-01-26
47,33,Female,West Gabrielleburgh,65,Home,Tend,287.57,2,2,2024-10-04
21,48,Male,Jenniferburgh,90,Clothing,Several,402.58,5,2,2025-06-26
15,59,Female,Port Pammouth,54,Clothing,Four,324.56,4,2,2025-08-01
9,32,Male,New Debra,95,Books,Try,144.49,1,3,2024-12-01
129,44,Female,Port Jacob,82,Beauty,Officer,41.05,2,3,2025-08-03
179,49,Male,West Kyle,84,Electronics,Argue,476.06,1,3,2025-03-14
197,30,Female,Boydville,86,Sports,Summer,188.36,3,3,2025-06-07
62,53,Male,Port Rachelport,56,Toys,Question,166.6,4,3,2025-06-17
93,44,Male,Port Nicoleburgh,16,Home,Participant,218.12,4,1,2024-12-19
117,25,Male,Adamport,39,Electronics,Art,45.22,5,2,2024-09-26
42,34,Male,Jasminebury,50,Electronics,Million,326.38,4,3,2024-10-26
77,20,Male,Tyronemouth,34,Beauty,Charge,86.0,1,3,2025-01-03
108,33,Male,South Jill,30,Sports,Soldier,481.28,3,3,2025-06-09
48,24,Female,New Kelly,93,Home,Attention,379.03,3,1,2025-07-07
16,28,Female,Weissshire,64,Sports,Remember,428.15,2,1,2025-01-26
112,46,Male,Millerberg,82,Beauty,Officer,41.05,4,2,2025-04-15
179,49,Male,West Kyle,84,Electronics,Argue,476.06,4,3,2025-09-07
157,21,Male,Andrewstad,7,Toys,Who,438.07,5,3,2025-05-19
53,34,Female,Lake Mariahbury,97,Electronics,Oil,397.3,2,1,2025-07-09
105,38,Male,West Crystal,87,Electronics,Imagine,106.15,5,2,2024-09-23
169,60,Male,West Barbarastad,2,Books,Movie,157.99,4,2,2025-05-29
35,32,Male,East Ralphshire,71,Electronics,Write,257.63,3,2,2025-05-10
35,32,Male,East Ralphshire,79,Toys,Today,448.47,5,1,2025-06-08
91,30,Male,Michaelside,80,Home,Onto,359.34,5,1,2025-08-22
99,50,Female,Lake Randy,30,Sports,Soldier,481.28,3,3,2025-07-21
80,39,Female,West Jasonberg,8,Books,Program,56.32,2,3,2025-02-20
59,49,Male,West Laura,44,Sports,Call,425.33,3,3,2025-02-18
38,46,Female,Sheliachester,29,Home,Who,396.16,3,2,2024-12-17
176,24,Male,Marialand,7,Toys,Who,438.07,3,3,2025-08-09
98,21,Male,Jasonfort,17,Home,Subject,55.98,2,2,2025-08-01
102,32,Female,Kylebury,72,Beauty,Bill,211.38,5,1,2024-10-31
13,40,Male,Littlechester,28,Beauty,Training,263.23,3,3,2025-01-19
30,49,Male,Chasestad,83,Toys,Whether,143.0,5,3,2025-03-25
135,44,Male,South Amanda,90,Clothing,Several,402.58,4,3,2025-05-11
37,55,Male,Garnerbury,74,Home,Out,253.96,3,3,2025-01-26
17,32,Male,Nancyfurt,29,Home,Who,396.16,4,3,2025-03-30
94,43,Male,Kevinshire,79,Toys,Today,448.47,2,1,2025-05-03
60,33,Female,Brucefurt,93,Home,Attention,379.03,3,2,2024-12-15
17,32,Male,Nancyfurt,19,Home,Personal,112.17,3,3,2024-11-23
94,43,Male,Kevinshire,41,Books,Source,278.44,4,2,2025-06-18
69,22,Male,Port Cody,11,Books,Speech,77.71,4,3,2025-05-01
4,59,Female,Dianatown,78,Toys,Cut,125.31,4,3,2024-12-10
181,45,Male,East Lesliebury,99,Clothing,Maintain,398.65,1,1,2025-06-27
123,37,Male,North Jamesview,63,Electronics,Decade,243.98,3,3,2025-08-13
16,28,Female,Weissshire,69,Books,East,265.49,2,2,2025-08-22
189,59,Female,South Dale,67,Sports,Bag,346.6,3,2,2024-10-01
79,49,Male,Velezborough,80,Home,Onto,359.34,2,3,2025-03-14
74,48,Male,Carrollview,16,Home,Participant,218.12,3,2,2024-11-03
184,45,Male,Jacksonborough,85,Clothing,Throughout,234.16,1,2,2025-02-03
29,50,Female,Jacksonburgh,95,Books,Try,144.49,3,3,2025-08-08
105,38,Male,West Crystal,46,Sports,Lose,287.5,1,1,2025-08-17
128,23,Female,Rosemouth,42,Sports,Least,216.18,1,1,2025-05-30
151,47,Female,South Allen,40,Electronics,They,381.14,2,2,2025-06-06
100,47,Female,North Edward,32,Books,Enter,321.9,5,2,2024-11-22
178,22,Male,Jonesburgh,29,Home,Who,396.16,4,2,2025-02-01
196,57,Male,Nicolestad,24,Books,Very,216.73,1,1,2024-10-22
30,49,Male,Chasestad,75,Clothing,Ten,39.28,3,1,2025-01-26
65,29,Female,Denisetown,90,Clothing,Several,402.58,5,3,2024-12-16
23,52,Male,New Curtis,84,Electronics,Argue,476.06,1,1,2025-02-21
194,45,Female,North Brian,41,Books,Source,278.44,5,3,2024-12-17
109,60,Female,West Michaelamouth,41,Books,Source,278.44,1,1,2025-01-09
66,22,Male,West Deanna,44,Sports,Call,425.33,3,1,2025-06-16
127,45,Male,Port Tinabury,68,Electronics,Capital,306.48,3,3,2024-09-23
199,44,Male,Kylestad,67,Sports,Bag,346.6,2,1,2025-02-01
21,48,Male,Jenniferburgh,5,Clothing,News,158.4,1,2,2025-05-20
143,48,Female,Jessicabury,35,Electronics,Citizen,172.24,5,3,2025-02-14
155,20,Female,North Luis,19,Home,Personal,112.17,1,1,2025-07-02
63,27,Male,Matthewburgh,64,Sports,Remember,428.15,4,1,2025-02-06
26,54,Female,Port Cindyborough,64,Sports,Remember,428.15,1,2,2025-04-13
103,19,Female,Lake Brian,12,Toys,Someone,193.62,5,3,2025-01-31
86,20,Male,East Carl,92,Sports,Will,200.87,2,3,2024-11-17
152,60,Female,Port Justinfort,77,Toys,Threat,412.61,2,3,2025-09-09
10,23,Female,Steventon,48,Beauty,In,65.72,4,1,2025-01-07
179,49,Male,West Kyle,48,Beauty,In,65.72,1,2,2024-09-26
137,31,Male,West Patrickberg,12,Toys,Someone,193.62,5,1,2025-06-21
57,33,Female,Port Shannon,61,Beauty,Difficult,135.91,1,2,2024-11-20
43,52,Female,West Melindaburgh,14,Toys,Approach,330.23,2,3,2025-04-05
91,30,Male,Michaelside,70,Sports,Adult,494.26,1,1,2025-06-03
129,44,Female,Port Jacob,11,Books,Speech,77.71,3,2,2024-10-04
153,35,Male,East Anthony,46,Sports,Lose,287.5,2,2,2024-09-15
35,32,Male,East Ralphshire,88,Home,Million,261.73,5,2,2025-02-27
48,24,Female,New Kelly,21,Electronics,International,380.03,5,1,2025-09-02
139,28,Male,East Sabrina,52,Home,Live,284.17,5,1,2025-08-03
193,51,Female,Garnerton,37,Sports,Series,259.26,2,2,2025-05-25
76,22,Female,North Javierhaven,25,Sports,Fine,21.5,5,2,2025-09-10
94,43,Male,Kevinshire,93,Home,Attention,379.03,2,3,2024-12-27
83,44,Male,North Rachel,56,Toys,Question,166.6,4,3,2024-09-11
103,19,Female,Lake Brian,21,Electronics,International,380.03,2,1,2024-09-22
38,46,Female,Sheliachester,22,Clothing,Officer,108.79,2,3,2024-09-27
121,39,Female,Port Robert,69,Books,East,265.49,2,1,2025-08-30
12,46,Female,Potterborough,25,Sports,Fine,21.5,5,1,2025-08-16
43,52,Female,West Melindaburgh,7,Toys,Who,438.07,3,3,2025-03-20
92,35,Male,New Nichole,64,Sports,Remember,428.15,1,3,2025-01-16
4,59,Female,Dianatown,96,Home,Direction,90.67,5,2,2024-11-11
7,49,Female,West Samanthaside,22,Clothing,Officer,108.79,4,3,2025-02-12
73,34,Male,South Brian,58,Sports,Determine,399.91,5,3,2025-03-26
68,42,Male,Cherylmouth,96,Home,Direction,90.67,1,1,2025-03-01
198,32,Female,West Shannon,33,Home,Short,445.98,5,3,2024-10-21
165,25,Male,Donaldside,56,Toys,Question,166.6,1,3,2025-08-25
130,56,Female,South Heather,53,Clothing,Official,322.47,1,3,2025-08-09
120,49,Female,Sarahland,22,Clothing,Officer,108.79,5,2,2025-08-10
132,24,Male,Jamesborough,78,Toys,Cut,125.31,1,2,2025-05-01
192,22,Male,New Tonyaville,10,Home,Tend,166.66,5,2,2025-08-28
50,46,Male,South Thomas,10,Home,Tend,166.66,4,1,2025-04-13
97,60,Male,North Sarahchester,10,Home,Tend,166.66,4,3,2025-01-30
77,20,Male,Tyronemouth,100,Home,Knowledge,121.46,1,3,2025-02-13
181,45,Male,East Lesliebury,97,Electronics,Oil,397.3,5,3,2025-06-10
178,22,Male,Jonesburgh,76,Clothing,Specific,497.97,5,1,2024-10-21
85,33,Male,Samuelton,62,Sports,Military,372.05,5,1,2024-11-18
4,59,Female,Dianatown,31,Sports,Material,315.93,1,3,2025-09-08
26,54,Female,Port Cindyborough,91,Toys,Should,97.53,1,2,2025-07-03
23,52,Male,New Curtis,87,Electronics,Imagine,106.15,3,1,2025-02-11
2,47,Male,Clarkehaven,51,Beauty,Go,289.48,4,3,2024-09-30
66,22,Male,West Deanna,5,Clothing,News,158.4,3,1,2025-04-19
117,25,Male,Adamport,8,Books,Program,56.32,5,1,2024-09-13
31,59,Male,North Anna,1,Sports,Indeed,246.24,3,1,2024-10-18
78,53,Male,Paulhaven,57,Sports,Along,441.33,2,3,2025-01-20
135,44,Male,South Amanda,10,Home,Tend,166.66,3,3,2024-09-16
22,32,Female,Pamside,63,Electronics,Decade,243.98,2,1,2025-02-08
94,43,Male,Kevinshire,78,Toys,Cut,125.31,4,2,2024-10-04
53,34,Female,Lake Mariahbury,37,Sports,Series,259.26,3,2,2025-01-06
159,38,Female,Kristenhaven,99,Clothing,Maintain,398.65,2,2,2025-05-14
127,45,Male,Port Tinabury,41,Books,Source,278.44,5,2,2025-07-06
65,29,Female,Denisetown,85,Clothing,Throughout,234.16,1,2,2025-03-15
137,31,Male,West Patrickberg,40,Electronics,They,381.14,4,1,2025-02-12
20,26,Male,Port Ronaldville,51,Beauty,Go,289.48,1,1,2025-02-09
27,56,Male,South Rebeccaville,33,Home,Short,445.98,3,2,2024-09-17
5,58,Male,Stacyfurt,37,Sports,Series,259.26,4,2,2025-01-30
63,27,Male,Matthewburgh,95,Books,Try,144.49,5,3,2025-01-04
30,49,Male,Chasestad,9,Sports,Since,87.82,1,1,2025-06-24
12,46,Female,Potterborough,32,Books,Enter,321.9,2,3,2024-11-18
172,20,Female,Port David,69,Books,East,265.49,5,2,2025-07-23
32,47,Female,Masonmouth,2,Books,Movie,157.99,4,3,2025-06-26
100,47,Female,North Edward,94,Sports,Sound,408.41,5,2,2025-01-05
112,46,Male,Millerberg,11,Books,Speech,77.71,1,3,2025-07-20
172,20,Female,Port David,34,Beauty,Charge,86.0,5,3,2025-05-09
39,28,Female,Timothyfurt,71,Electronics,Write,257.63,1,2,2024-09-25
94,43,Male,Kevinshire,51,Beauty,Go,289.48,3,3,2025-07-08
103,19,Female,Lake Brian,59,Clothing,World,180.8,5,2,2025-02-26
73,34,Male,South Brian,78,Toys,Cut,125.31,4,2,2024-10-20
166,22,Female,Lake Luiston,97,Electronics,Oil,397.3,5,2,2025-08-13
117,25,Male,Adamport,74,Home,Out,253.96,5,2,2024-09-29
90,27,Male,Pennymouth,37,Sports,Series,259.26,3,3,2024-11-16
172,20,Female,Port David,1,Sports,Indeed,246.24,2,1,2024-10-11
65,29,Female,Denisetown,62,Sports,Military,372.05,5,2,2025-08-05
89,23,Male,East Robert,58,Sports,Determine,399.91,4,3,2024-10-11
121,39,Female,Port Robert,88,Home,Million,261.73,2,3,2025-02-03
103,19,Female,Lake Brian,8,Books,Program,56.32,4,1,2025-08-02
43,52,Female,West Melindaburgh,26,Clothing,Foot,65.88,4,2,2025-05-26
144,21,Male,North Thomasmouth,68,Electronics,Capital,306.48,5,1,2025-02-22
62,53,Male,Port Rachelport,57,Sports,Along,441.33,2,3,2025-08-26
159,38,Female,Kristenhaven,16,Home,Participant,218.12,1,3,2024-10-26
172,20,Female,Port David,62,Sports,Military,372.05,4,2,2024-12-06
103,19,Female,Lake Brian,52,Home,Live,284.17,3,2,2025-08-16
44,41,Male,South Jennifer,19,Home,Personal,112.17,5,3,2025-01-31
53,34,Female,Lake Mariahbury,90,Clothing,Several,402.58,3,3,2025-03-15
176,24,Male,Marialand,87,Electronics,Imagine,106.15,4,1,2024-11-08
53,34,Female,Lake Mariahbury,14,Toys,Approach,330.23,5,3,2024-10-24
149,36,Male,South Amanda,71,Electronics,Write,257.63,3,3,2024-10-18
119,35,Female,Lake Sarahton,60,Beauty,Art,285.59,1,1,2024-12-17
122,31,Male,East Sherrymouth,100,Home,Knowledge,121.46,5,3,2025-04-16
169,60,Male,West Barbarastad,88,Home,Million,261.73,5,1,2024-12-19
186,57,Male,Shawfort,89,Books,Same,257.5,5,3,2025-06-05
111,47,Female,Friedmanmouth,81,Home,Hospital,124.18,3,3,2025-09-02
83,44,Male,North Rachel,48,Beauty,In,65.72,5,3,2025-06-14
130,56,Female,South Heather,97,Electronics,Oil,397.3,1,2,2025-03-16
83,44,Male,North Rachel,67,Sports,Bag,346.6,3,1,2024-10-10
7,49,Female,West Samanthaside,61,Beauty,Difficult,135.91,5,2,2025-03-27
168,26,Female,Port James,13,Sports,Value,480.9,3,1,2025-05-13
137,31,Male,West Patrickberg,48,Beauty,In,65.72,1,3,2025-09-10
124,46,Male,Snowport,45,Clothing,Investment,240.42,3,2,2025-01-23
61,20,Female,East Thomasburgh,18,Home,Partner,442.24,2,1,2025-01-17
165,25,Male,Donaldside,96,Home,Direction,90.67,2,1,2025-05-28
65,29,Female,Denisetown,47,Clothing,Responsibility,98.25,3,1,2025-02-09
7,49,Female,West Samanthaside,38,Toys,Perform,249.73,3,1,2024-11-05
143,48,Female,Jessicabury,75,Clothing,Ten,39.28,4,2,2025-07-03
67,36,Female,West Mark,43,Toys,Happy,113.5,3,3,2025-02-27
31,59,Male,North Anna,8,Books,Program,56.32,2,1,2025-06-28
156,51,Male,Wyattfurt,95,Books,Try,144.49,5,3,2024-11-18
119,35,Female,Lake Sarahton,24,Books,Very,216.73,3,3,2025-02-27
84,31,Male,South Sandrachester,2,Books,Movie,157.99,2,2,2025-09-01
82,59,Male,South Paulburgh,49,Electronics,Letter,278.83,4,1,2025-05-25
80,39,Female,West Jasonberg,84,Electronics,Argue,476.06,3,3,2025-04-04
70,26,Female,Michaelberg,84,Electronics,Argue,476.06,2,1,2025-07-24
174,39,Male,Smithport,57,Sports,Along,441.33,5,2,2025-05-27
166,22,Female,Lake Luiston,17,Home,Subject,55.98,3,1,2025-05-08
176,24,Male,Marialand,98,Books,Fund,334.81,4,1,2025-07-12
188,42,Male,North Patrickchester,72,Beauty,Bill,211.38,3,3,2025-02-24
174,39,Male,Smithport,94,Sports,Sound,408.41,1,3,2025-02-26
22,32,Female,Pamside,85,Clothing,Throughout,234.16,2,3,2025-02-20
127,45,Male,Port Tinabury,66,Beauty,Choose,400.87,1,2,2025-06-07
104,36,Male,Melissaside,93,Home,Attention,379.03,5,3,2024-09-22
130,56,Female,South Heather,76,Clothing,Specific,497.97,2,3,2025-06-05
143,48,Female,Jessicabury,75,Clothing,Ten,39.28,1,1,2025-02-09
3,44,Female,Courtneyside,83,Toys,Whether,143.0,4,3,2025-07-21
85,33,Male,Samuelton,58,Sports,Determine,399.91,4,1,2024-12-06
85,33,Male,Samuelton,56,Toys,Question,166.6,3,2,2025-08-13
69,22,Male,Port Cody,91,Toys,Should,97.53,1,3,2024-09-16
104,36,Male,Melissaside,93,Home,Attention,379.03,4,3,2024-10-27
8,18,Female,Marshallville,38,Toys,Perform,249.73,3,3,2025-06-06
9,32,Male,New Debra,98,Books,Fund,334.81,5,1,2025-07-07
114,22,Female,Davidton,10,Home,Tend,166.66,4,1,2025-08-20
36,32,Male,Nancyhaven,66,Beauty,Choose,400.87,1,2,2024-09-15
180,46,Female,Port Christy,48,Beauty,In,65.72,4,1,2025-07-09
35,32,Male,East Ralphshire,79,Toys,Today,448.47,4,1,2025-06-23
31,59,Male,North Anna,8,Books,Program,56.32,2,1,2025-05-02
154,22,Male,South Travis,88,Home,Million,261.73,1,3,2024-10-13
61,20,Female,East Thomasburgh,48,Beauty,In,65.72,2,1,2025-03-04
129,44,Female,Port Jacob,10,Home,Tend,166.66,3,2,2024-10-23
69,22,Male,Port Cody,44,Sports,Call,425.33,2,1,2024-12-24
188,42,Male,North Patrickchester,14,Toys,Approach,330.23,4,2,2024-10-18
199,44,Male,Kylestad,74,Home,Out,253.96,3,3,2025-08-10
63,27,Male,Matthewburgh,10,Home,Tend,166.66,1,2,2024-12-23
185,48,Male,Johnsonchester,99,Clothing,Maintain,398.65,5,3,2024-11-24
192,22,Male,New Tonyaville,58,Sports,Determine,399.91,5,1,2025-06-10
103,19,Female,Lake Brian,71,Electronics,Write,257.63,2,3,2025-07-12
9,32,Male,New Debra,8,Books,Program,56.32,2,2,2024-10-29
8,18,Female,Marshallville,76,Clothing,Specific,497.97,4,3,2025-06-15
154,22,Male,South Travis,59,Clothing,World,180.8,1,1,2024-09-19
75,28,Female,Jacksonland,36,Sports,Change,387.38,3,1,2025-06-02
26,54,Female,Port Cindyborough,15,Electronics,Guess,318.11,5,2,2025-07-18
36,32,Male,Nancyhaven,75,Clothing,Ten,39.28,3,1,2025-08-10
197,30,Female,Boydville,59,Clothing,World,180.8,4,1,2025-04-29
168,26,Female,Port James,10,Home,Tend,166.66,4,1,2025-08-31
129,44,Female,Port Jacob,89,Books,Same,257.5,5,1,2025-07-12
189,59,Female,South Dale,25,Sports,Fine,21.5,1,1,2025-05-29
169,60,Male,West Barbarastad,42,Sports,Least,216.18,1,1,2025-05-26
166,22,Female,Lake Luiston,20,Toys,Prove,261.07,4,1,2024-10-12
43,52,Female,West Melindaburgh,41,Books,Source,278.44,2,2,2024-12-29
99,50,Female,Lake Randy,99,Clothing,Maintain,398.65,3,2,2025-03-29
101,42,Male,Jamieshire,53,Clothing,Official,322.47,2,2,2025-02-14
69,22,Male,Port Cody,7,Toys,Who,438.07,3,1,2025-05-02
122,31,Male,East Sherrymouth,34,Beauty,Charge,86.0,3,2,2025-02-16
95,37,Male,South Oliviahaven,19,Home,Personal,112.17,3,1,2025-08-29
93,44,Male,Port Nicoleburgh,69,Books,East,265.49,1,1,2024-12-22
133,39,Female,Port Alfredville,71,Electronics,Write,257.63,5,3,2025-04-16
131,32,Male,Howardmouth,85,Clothing,Throughout,234.16,4,2,2025-02-02
198,32,Female,West Shannon,55,Sports,Figure,428.94,2,3,2025-03-26
112,46,Male,Millerberg,30,Sports,Soldier,481.28,3,2,2024-11-05
118,40,Male,Taratown,90,Clothing,Several,402.58,1,2,2025-01-25
148,31,Female,Hopkinsfort,43,Toys,Happy,113.5,3,2,2025-06-22
186,57,Male,Shawfort,84,Electronics,Argue,476.06,2,2,2025-07-29
133,39,Female,Port Alfredville,54,Clothing,Four,324.56,5,3,2024-11-18
154,22,Male,South Travis,43,Toys,Happy,113.5,2,1,2025-04-09
90,27,Male,Pennymouth,40,Electronics,They,381.14,5,3,2025-01-24
91,30,Male,Michaelside,54,Clothing,Four,324.56,3,1,2024-11-22
182,42,Male,Hendersonport,61,Beauty,Difficult,135.91,1,2,2024-12-31
166,22,Female,Lake Luiston,17,Home,Subject,55.98,3,3,2024-10-20
72,28,Female,North Linda,91,Toys,Should,97.53,1,1,2025-05-25
75,28,Female,Jacksonland,39,Electronics,Art,45.22,5,1,2025-06-18
95,37,Male,South Oliviahaven,94,Sports,Sound,408.41,1,1,2025-04-14
92,35,Male,New Nichole,52,Home,Live,284.17,3,3,2025-06-26
128,23,Female,Rosemouth,84,Electronics,Argue,476.06,4,1,2025-02-08
20,26,Male,Port Ronaldville,43,Toys,Happy,113.5,3,1,2025-08-28
75,28,Female,Jacksonland,58,Sports,Determine,399.91,5,1,2024-12-18
190,20,Female,Clarencetown,5,Clothing,News,158.4,4,2,2025-06-15
91,30,Male,Michaelside,40,Electronics,They,381.14,4,1,2025-07-05
91,30,Male,Michaelside,95,Books,Try,144.49,5,3,2025-01-06
48,24,Female,New Kelly,10,Home,Tend,166.66,1,3,2025-03-27
54,26,Male,Johnshire,43,Toys,Happy,113.5,3,3,2025-01-10
32,47,Female,Masonmouth,9,Sports,Since,87.82,2,3,2025-04-05
39,28,Female,Timothyfurt,86,Sports,Summer,188.36,2,2,2025-05-13
185,48,Male,Johnsonchester,78,Toys,Cut,125.31,2,2,2025-03-08
132,24,Male,Jamesborough,50,Electronics,Million,326.38,2,3,2025-06-01
142,26,Female,Webbberg,17,Home,Subject,55.98,3,1,2025-03-08
178,22,Male,Jonesburgh,87,Electronics,Imagine,106.15,2,1,2025-06-18
6,53,Female,North Kerrytown,59,Clothing,World,180.8,2,1,2025-09-02
197,30,Female,Boydville,61,Beauty,Difficult,135.91,5,3,2025-05-22
108,33,Male,South Jill,14,Toys,Approach,330.23,4,1,2024-10-31
71,20,Female,Christopherview,56,Toys,Question,166.6,2,2,2025-06-11
114,22,Female,Davidton,42,Sports,Least,216.18,1,2,2025-07-12
189,59,Female,South Dale,62,Sports,Military,372.05,2,1,2025-01-26
186,57,Male,Shawfort,20,Toys,Prove,261.07,5,2,2025-01-03
50,46,Male,South Thomas,23,Books,Management,489.47,4,2,2025-03-23
72,28,Female,North Linda,66,Beauty,Choose,400.87,1,3,2024-11-07
17,32,Male,Nancyfurt,1,Sports,Indeed,246.24,2,3,2025-05-10
158,30,Male,New Thomas,49,Electronics,Letter,278.83,5,2,2024-09-24
110,59,Female,Malonefurt,70,Sports,Adult,494.26,3,2,2024-12-25
67,36,Female,West Mark,80,Home,Onto,359.34,1,1,2025-01-09
198,32,Female,West Shannon,29,Home,Who,396.16,2,1,2025-04-14
100,47,Female,North Edward,55,Sports,Figure,428.94,3,2,2024-10-08
75,28,Female,Jacksonland,71,Electronics,Write,257.63,2,3,2025-09-11
157,21,Male,Andrewstad,12,Toys,Someone,193.62,4,2,2025-07-10
36,32,Male,Nancyhaven,64,Sports,Remember,428.15,2,1,2025-02-06
30,49,Male,Chasestad,48,Beauty,In,65.72,2,1,2024-12-09
158,30,Male,New Thomas,62,Sports,Military,372.05,5,2,2025-04-26
80,39,Female,West Jasonberg,33,Home,Short,445.98,5,2,2024-12-24
28,28,Male,Amyshire,99,Clothing,Maintain,398.65,2,3,2025-07-23
25,29,Male,North Steven,55,Sports,Figure,428.94,1,2,2024-11-21
109,60,Female,West Michaelamouth,90,Clothing,Several,402.58,1,1,2025-03-27
145,22,Female,Jimenezside,99,Clothing,Maintain,398.65,4,2,2024-09-27
31,59,Male,North Anna,37,Sports,Series,259.26,2,2,2024-11-30
4,59,Female,Dianatown,9,Sports,Since,87.82,2,2,2025-07-15
162,28,Female,Stephensshire,50,Electronics,Million,326.38,2,2,2025-04-15
14,26,Female,Joshuafort,55,Sports,Figure,428.94,2,1,2024-11-13
81,30,Male,Edwardsside,37,Sports,Series,259.26,4,3,2024-11-30
65,29,Female,Denisetown,51,Beauty,Go,289.48,3,3,2025-01-17
71,20,Female,Christopherview,80,Home,Onto,359.34,5,3,2025-01-18
111,47,Female,Friedmanmouth,18,Home,Partner,442.24,4,3,2025-04-24
2,47,Male,Clarkehaven,85,Clothing,Throughout,234.16,4,1,2025-01-30
141,53,Female,Lake Patrickside,87,Electronics,Imagine,106.15,2,2,2025-05-25
64,27,Female,East Colinton,71,Electronics,Write,257.63,3,1,2024-09-22
46,27,Female,South Emilyport,73,Sports,Style,273.51,4,1,2024-12-08
81,30,Male,Edwardsside,73,Sports,Style,273.51,3,2,2025-07-16
23,52,Male,New Curtis,63,Electronics,Decade,243.98,4,2,2024-11-11
12,46,Female,Potterborough,46,Sports,Lose,287.5,5,2,2024-11-20
197,30,Female,Boydville,20,Toys,Prove,261.07,2,3,2025-08-07
79,49,Male,Velezborough,10,Home,Tend,166.66,5,3,2024-12-21
96,29,Male,South Meganside,67,Sports,Bag,346.6,1,3,2025-02-16
10,23,Female,Steventon,58,Sports,Determine,399.91,1,3,2025-03-08
142,26,Female,Webbberg,53,Clothing,Official,322.47,2,3,2025-02-08
9,32,Male,New Debra,32,Books,Enter,321.9,5,1,2025-07-05
24,32,Male,New Erinshire,41,Books,Source,278.44,5,2,2024-12-23
92,35,Male,New Nichole,42,Sports,Least,216.18,5,1,2024-11-26
73,34,Male,South Brian,32,Books,Enter,321.9,2,2,2024-10-07
19,60,Male,New Matthew,3,Toys,Old,324.53,3,1,2025-07-27
190,20,Female,Clarencetown,39,Electronics,Art,45.22,3,1,2024-12-17
20,26,Male,Port Ronaldville,67,Sports,Bag,346.6,3,1,2025-03-02
187,30,Female,South Kristina,27,Electronics,Employee,400.92,1,2,2025-09-01
6,53,Female,North Kerrytown,90,Clothing,Several,402.58,2,2,2025-04-17
58,57,Female,Tylerfort,53,Clothing,Official,322.47,2,1,2025-06-02
181,45,Male,East Lesliebury,76,Clothing,Specific,497.97,4,2,2024-10-04
138,59,Female,Martinezberg,90,Clothing,Several,402.58,2,2,2025-08-13
100,47,Female,North Edward,88,Home,Million,261.73,4,1,2025-06-08
194,45,Female,North Brian,12,Toys,Someone,193.62,4,2,2024-11-20
147,51,Female,Claytontown,26,Clothing,Foot,65.88,3,3,2025-06-10
71,20,Female,Christopherview,72,Beauty,Bill,211.38,5,3,2024-12-16
105,38,Male,West Crystal,17,Home,Subject,55.98,1,2,2024-10-08
89,23,Male,East Robert,40,Electronics,They,381.14,4,3,2025-09-04
198,32,Female,West Shannon,31,Sports,Material,315.93,1,2,2024-11-16
50,46,Male,South Thomas,61,Beauty,Difficult,135.91,4,1,2025-03-01
152,60,Female,Port Justinfort,92,Sports,Will,200.87,3,2,2024-11-26
124,46,Male,Snowport,76,Clothing,Specific,497.97,3,3,2024-11-09
138,59,Female,Martinezberg,28,Beauty,Training,263.23,2,1,2025-05-31
124,46,Male,Snowport,97,Electronics,Oil,397.3,1,2,2025-02-05
17,32,Male,Nancyfurt,70,Sports,Adult,494.26,5,1,2025-03-28
140,50,Male,South Ashleyburgh,6,Beauty,Appear,232.74,5,1,2024-10-10
85,33,Male,Samuelton,66,Beauty,Choose,400.87,3,1,2025-04-06
17,32,Male,Nancyfurt,93,Home,Attention,379.03,1,1,2024-12-27
109,60,Female,West Michaelamouth,19,Home,Personal,112.17,2,1,2025-04-25
62,53,Male,Port Rachelport,91,Toys,Should,97.53,1,2,2024-09-27
127,45,Male,Port Tinabury,53,Clothing,Official,322.47,4,3,2025-01-22
117,25,Male,Adamport,13,Sports,Value,480.9,5,2,2024-10-02
108,33,Male,South Jill,86,Sports,Summer,188.36,4,1,2025-05-22
159,38,Female,Kristenhaven,44,Sports,Call,425.33,5,3,2025-08-07
3,44,Female,Courtneyside,53,Clothing,Official,322.47,4,1,2024-09-28
122,31,Male,East Sherrymouth,5,Clothing,News,158.4,5,1,2025-01-25
159,38,Female,Kristenhaven,98,Books,Fund,334.81,3,3,2025-05-17
119,35,Female,Lake Sarahton,96,Home,Direction,90.67,1,2,2025-07-30
40,26,Female,Kurtmouth,95,Books,Try,144.49,2,3,2025-06-26
47,33,Female,West Gabrielleburgh,40,Electronics,They,381.14,2,1,2025-01-22
136,28,Male,Joelport,18,Home,Partner,442.24,5,2,2024-11-03
164,31,Male,Stevenhaven,84,Electronics,Argue,476.06,3,2,2025-03-06
100,47,Female,North Edward,38,Toys,Perform,249.73,3,3,2024-12-02
67,36,Female,West Mark,26,Clothing,Foot,65.88,1,1,2024-11-10
54,26,Male,Johnshire,22,Clothing,Officer,108.79,4,1,2024-09-23
2,47,Male,Clarkehaven,77,Toys,Threat,412.61,2,3,2025-07-09
164,31,Male,Stevenhaven,54,Clothing,Four,324.56,3,3,2025-06-28
2,47,Male,Clarkehaven,51,Beauty,Go,289.48,5,1,2025-04-06
142,26,Female,Webbberg,65,Home,Tend,287.57,3,1,2024-12-22
19,60,Male,New Matthew,50,Electronics,Million,326.38,4,1,2025-06-30
158,30,Male,New Thomas,8,Books,Program,56.32,3,3,2024-09-22
118,40,Male,Taratown,10,Home,Tend,166.66,4,2,2024-12-06
51,24,Female,Beckshire,83,Toys,Whether,143.0,1,3,2024-12-14
129,44,Female,Port Jacob,55,Sports,Figure,428.94,5,2,2025-08-14
86,20,Male,East Carl,69,Books,East,265.49,5,1,2025-03-14
132,24,Male,Jamesborough,16,Home,Participant,218.12,2,2,2025-08-30
167,23,Female,North Kyleburgh,86,Sports,Summer,188.36,2,2,2025-03-20
167,23,Female,North Kyleburgh,98,Books,Fund,334.81,2,2,2025-09-03
150,43,Male,North Briannafurt,16,Home,Participant,218.12,1,2,2025-03-16
64,27,Female,East Colinton,64,Sports,Remember,428.15,5,2,2024-12-17
161,20,Female,Lake Frank,95,Books,Try,144.49,3,1,2025-06-10
47,33,Female,West Gabrielleburgh,68,Electronics,Capital,306.48,4,2,2024-12-09
33,55,Female,New Anneborough,29,Home,Who,396.16,5,1,2024-10-10
57,33,Female,Port Shannon,36,Sports,Change,387.38,2,2,2024-12-28
94,43,Male,Kevinshire,74,Home,Out,253.96,5,2,2025-07-23
114,22,Female,Davidton,80,Home,Onto,359.34,5,3,2025-07-26
158,30,Male,New Thomas,16,Home,Participant,218.12,1,2,2025-03-30
58,57,Female,Tylerfort,86,Sports,Summer,188.36,1,1,2025-07-11
69,22,Male,Port Cody,35,Electronics,Citizen,172.24,3,1,2024-11-24
6,53,Female,North Kerrytown,13,Sports,Value,480.9,2,2,2024-11-12
116,49,Female,North Michelle,28,Beauty,Training,263.23,1,3,2025-03-02
163,40,Female,South Michealborough,13,Sports,Value,480.9,4,2,2024-11-16
171,29,Male,Lopezstad,22,Clothing,Officer,108.79,5,1,2024-10-15
37,55,Male,Garnerbury,97,Electronics,Oil,397.3,3,2,2024-11-07
59,49,Male,West Laura,70,Sports,Adult,494.26,5,1,2024-11-06
69,22,Male,Port Cody,98,Books,Fund,334.81,4,2,2025-01-16
14,26,Female,Joshuafort,6,Beauty,Appear,232.74,1,1,2025-04-19
122,31,Male,East Sherrymouth,19,Home,Personal,112.17,3,1,2025-05-07
186,57,Male,Shawfort,33,Home,Short,445.98,1,1,2025-04-17
62,53,Male,Port Rachelport,91,Toys,Should,97.53,1,1,2025-07-04
51,24,Female,Beckshire,9,Sports,Since,87.82,4,2,2025-07-23
79,49,Male,Velezborough,60,Beauty,Art,285.59,3,1,2025-07-05
48,24,Female,New Kelly,27,Electronics,Employee,400.92,2,3,2024-10-31
106,20,Male,Lake Thomasville,37,Sports,Series,259.26,5,1,2024-11-21
135,44,Male,South Amanda,3,Toys,Old,324.53,3,3,2024-10-14
70,26,Female,Michaelberg,89,Books,Same,257.5,5,2,2025-04-25
193,51,Female,Garnerton,63,Electronics,Decade,243.98,5,1,2025-01-13
154,22,Male,South Travis,7,Toys,Who,438.07,1,1,2025-03-06
50,46,Male,South Thomas,2,Books,Movie,157.99,1,2,2024-11-01
171,29,Male,Lopezstad,71,Electronics,Write,257.63,2,3,2025-01-12
99,50,Female,Lake Randy,93,Home,Attention,379.03,4,1,2024-12-30
182,42,Male,Hendersonport,73,Sports,Style,273.51,3,1,2024-12-28
53,34,Female,Lake Mariahbury,40,Electronics,They,381.14,5,3,2025-07-31
171,29,Male,Lopezstad,43,Toys,Happy,113.5,1,1,2025-07-29
18,24,Female,Choimouth,41,Books,Source,278.44,2,2,2025-01-26
153,35,Male,East Anthony,28,Beauty,Training,263.23,2,1,2024-10-09
39,28,Female,Timothyfurt,68,Electronics,Capital,306.48,5,2,2024-10-09
14,26,Female,Joshuafort,7,Toys,Who,438.07,5,2,2025-07-15
23,52,Male,New Curtis,40,Electronics,They,381.14,2,1,2025-05-03
75,28,Female,Jacksonland,82,Beauty,Officer,41.05,5,2,2025-08-26
103,19,Female,Lake Brian,93,Home,Attention,379.03,3,2,2024-09-19
126,41,Male,Lake Ryan,76,Clothing,Specific,497.97,3,3,2025-08-04
197,30,Female,Boydville,4,Clothing,Whatever,203.23,4,2,2025-04-22
19,60,Male,New Matthew,7,Toys,Who,438.07,2,1,2024-12-07
6,53,Female,North Kerrytown,24,Books,Very,216.73,2,2,2025-08-18
135,44,Male,South Amanda,95,Books,Try,144.49,1,1,2025-06-29
108,33,Male,South Jill,51,Beauty,Go,289.48,1,3,2024-11-05
120,49,Female,Sarahland,73,Sports,Style,273.51,1,2,2025-03-12
187,30,Female,South Kristina,15,Electronics,Guess,318.11,2,1,2025-03-30
52,28,Female,Gregoryhaven,82,Beauty,Officer,41.05,5,2,2025-08-28
5,58,Male,Stacyfurt,4,Clothing,Whatever,203.23,4,1,2025-07-30
71,20,Female,Christopherview,77,Toys,Threat,412.61,4,3,2025-05-05
161,20,Female,Lake Frank,64,Sports,Remember,428.15,4,3,2025-05-11
88,57,Female,New Bryantown,65,Home,Tend,287.57,3,3,2025-02-22
48,24,Female,New Kelly,19,Home,Personal,112.17,2,2,2024-11-12
177,57,Male,Garzashire,42,Sports,Least,216.18,3,2,2025-08-28
105,38,Male,West Crystal,31,Sports,Material,315.93,1,1,2025-05-06
77,20,Male,Tyronemouth,24,Books,Very,216.73,4,2,2024-10-04
149,36,Male,South Amanda,81,Home,Hospital,124.18,3,1,2025-02-23
191,31,Female,North Patrick,31,Sports,Material,315.93,4,3,2024-11-05
178,22,Male,Jonesburgh,51,Beauty,Go,289.48,3,1,2025-03-21
97,60,Male,North Sarahchester,7,Toys,Who,438.07,3,3,2025-07-11
102,32,Female,Kylebury,1,Sports,Indeed,246.24,1,1,2025-08-04
105,38,Male,West Crystal,71,Electronics,Write,257.63,4,1,2024-11-19
9,32,Male,New Debra,33,Home,Short,445.98,2,1,2025-01-01
80,39,Female,West Jasonberg,50,Electronics,Million,326.38,3,1,2025-01-18
180,46,Female,Port Christy,89,Books,Same,257.5,5,2,2025-08-20
136,28,Male,Joelport,50,Electronics,Million,326.38,1,1,2025-07-22
137,31,Male,West Patrickberg,59,Clothing,World,180.8,4,1,2025-01-25
34,34,Male,East Elijahchester,49,Electronics,Letter,278.83,3,1,2024-10-24
32,47,Female,Masonmouth,75,Clothing,Ten,39.28,3,2,2025-04-30
111,47,Female,Friedmanmouth,17,Home,Subject,55.98,3,2,2025-05-20
138,59,Female,Martinezberg,24,Books,Very,216.73,5,1,2025-08-24
54,26,Male,Johnshire,36,Sports,Change,387.38,3,3,2025-02-02
52,28,Female,Gregoryhaven,64,Sports,Remember,428.15,3,1,2025-04-20
126,41,Male,Lake Ryan,39,Electronics,Art,45.22,3,2,2025-08-04
166,22,Female,Lake Luiston,26,Clothing,Foot,65.88,1,1,2025-09-03
162,28,Female,Stephensshire,7,Toys,Who,438.07,2,1,2024-11-01
81,30,Male,Edwardsside,52,Home,Live,284.17,3,3,2025-08-26
70,26,Female,Michaelberg,23,Books,Management,489.47,1,2,2025-05-05
187,30,Female,South Kristina,84,Electronics,Argue,476.06,2,1,2025-01-05
139,28,Male,East Sabrina,97,Electronics,Oil,397.3,3,3,2024-10-05
45,53,Female,Port Sheryl,94,Sports,Sound,408.41,4,3,2024-12-19
122,31,Male,East Sherrymouth,70,Sports,Adult,494.26,2,1,2025-03-27
71,20,Female,Christopherview,58,Sports,Determine,399.91,5,3,2025-02-03
122,31,Male,East Sherrymouth,81,Home,Hospital,124.18,5,3,2025-08-09
169,60,Male,West Barbarastad,17,Home,Subject,55.98,5,2,2025-02-12
51,24,Female,Beckshire,53,Clothing,Official,322.47,5,3,2025-09-07
65,29,Female,Denisetown,44,Sports,Call,425.33,2,2,2024-12-24
195,23,Female,Williamsmouth,51,Beauty,Go,289.48,3,2,2025-08-05
96,29,Male,South Meganside,78,Toys,Cut,125.31,3,2,2025-04-08
128,23,Female,Rosemouth,64,Sports,Remember,428.15,5,1,2024-09-13
119,35,Female,Lake Sarahton,85,Clothing,Throughout,234.16,1,3,2024-10-26
26,54,Female,Port Cindyborough,41,Books,Source,278.44,2,2,2024-12-28
146,26,Male,Port Michael,28,Beauty,Training,263.23,1,1,2025-03-20
41,25,Male,South William,16,Home,Participant,218.12,1,1,2025-01-13
27,56,Male,South Rebeccaville,73,Sports,Style,273.51,2,3,2024-12-28
49,58,Female,Robinsonborough,55,Sports,Figure,428.94,2,1,2025-08-28
13,40,Male,Littlechester,51,Beauty,Go,289.48,1,3,2025-01-26
141,53,Female,Lake Patrickside,75,Clothing,Ten,39.28,3,3,2025-08-31
54,26,Male,Johnshire,86,Sports,Summer,188.36,5,3,2025-08-18
195,23,Female,Williamsmouth,75,Clothing,Ten,39.28,2,1,2025-03-17
74,48,Male,Carrollview,19,Home,Personal,112.17,3,1,2025-06-29
73,34,Male,South Brian,64,Sports,Remember,428.15,2,1,2025-06-21
59,49,Male,West Laura,15,Electronics,Guess,318.11,1,3,2025-09-04
44,41,Male,South Jennifer,5,Clothing,News,158.4,4,1,2025-05-15
54,26,Male,Johnshire,84,Electronics,Argue,476.06,1,1,2025-09-04
47,33,Female,West Gabrielleburgh,31,Sports,Material,315.93,4,1,2025-01-04
48,24,Female,New Kelly,68,Electronics,Capital,306.48,5,2,2025-01-20
75,28,Female,Jacksonland,93,Home,Attention,379.03,3,1,2025-02-28
15,59,Female,Port Pammouth,35,Electronics,Citizen,172.24,4,3,2024-11-26
149,36,Male,South Amanda,52,Home,Live,284.17,1,1,2024-12-12
115,44,Male,Justinview,96,Home,Direction,90.67,3,3,2024-11-18
194,45,Female,North Brian,21,Electronics,International,380.03,1,1,2024-10-29
184,45,Male,Jacksonborough,98,Books,Fund,334.81,5,1,2025-02-13
26,54,Female,Port Cindyborough,85,Clothing,Throughout,234.16,4,3,2024-09-28
164,31,Male,Stevenhaven,21,Electronics,International,380.03,2,3,2025-08-30
168,26,Female,Port James,73,Sports,Style,273.51,4,1,2025-06-07
135,44,Male,South Amanda,14,Toys,Approach,330.23,3,3,2025-04-26
61,20,Female,East Thomasburgh,74,Home,Out,253.96,4,1,2024-12-27
75,28,Female,Jacksonland,54,Clothing,Four,324.56,3,2,2025-08-20
99,50,Female,Lake Randy,76,Clothing,Specific,497.97,1,1,2024-09-14
28,28,Male,Amyshire,2,Books,Movie,157.99,4,1,2024-09-29
152,60,Female,Port Justinfort,89,Books,Same,257.5,3,1,2025-08-21
38,46,Female,Sheliachester,70,Sports,Adult,494.26,4,3,2025-03-14
73,34,Male,South Brian,52,Home,Live,284.17,2,3,2024-12-28
29,50,Female,Jacksonburgh,51,Beauty,Go,289.48,4,2,2025-04-12
188,42,Male,North Patrickchester,74,Home,Out,253.96,5,1,2024-12-10
122,31,Male,East Sherrymouth,95,Books,Try,144.49,1,1,2024-12-25
93,44,Male,Port Nicoleburgh,84,Electronics,Argue,476.06,5,3,2025-05-10
72,28,Female,North Linda,57,Sports,Along,441.33,3,2,2025-07-01
120,49,Female,Sarahland,67,Sports,Bag,346.6,2,2,2025-07-09
86,20,Male,East Carl,80,Home,Onto,359.34,4,3,2025-04-03
70,26,Female,Michaelberg,16,Home,Participant,218.12,1,2,2025-04-27
186,57,Male,Shawfort,74,Home,Out,253.96,3,3,2025-08-21
100,47,Female,North Edward,51,Beauty,Go,289.48,5,3,2025-02-15
129,44,Female,Port Jacob,80,Home,Onto,359.34,1,1,2025-08-24
169,60,Male,West Barbarastad,9,Sports,Since,87.82,1,2,2025-03-02
54,26,Male,Johnshire,21,Electronics,International,380.03,3,2,2024-09-18
118,40,Male,Taratown,20,Toys,Prove,261.07,1,1,2024-12-26
113,44,Male,East Daniel,73,Sports,Style,273.51,2,2,2025-04-10
49,58,Female,Robinsonborough,37,Sports,Series,259.26,2,1,2025-07-20
30,49,Male,Chasestad,6,Beauty,Appear,232.74,1,1,2025-07-07
178,22,Male,Jonesburgh,89,Books,Same,257.5,4,3,2024-10-14
1,21,Male,Johnsonborough,87,Electronics,Imagine,106.15,3,2,2025-08-01
167,23,Female,North Kyleburgh,59,Clothing,World,180.8,2,1,2025-03-29
185,48,Male,Johnsonchester,59,Clothing,World,180.8,4,2,2025-01-15
42,34,Male,Jasminebury,24,Books,Very,216.73,5,3,2025-06-06
108,33,Male,South Jill,14,Toys,Approach,330.23,4,1,2025-03-21
155,20,Female,North Luis,66,Beauty,Choose,400.87,3,3,2024-10-05
65,29,Female,Denisetown,19,Home,Personal,112.17,3,3,2025-01-14
65,29,Female,Denisetown,65,Home,Tend,287.57,5,2,2024-12-15
69,22,Male,Port Cody,73,Sports,Style,273.51,2,2,2024-11-30
129,44,Female,Port Jacob,44,Sports,Call,425.33,4,3,2025-03-30
51,24,Female,Beckshire,39,Electronics,Art,45.22,2,3,2025-06-29
72,28,Female,North Linda,65,Home,Tend,287.57,2,2,2025-08-29
1,21,Male,Johnsonborough,44,Sports,Call,425.33,3,3,2024-09-22
154,22,Male,South Travis,45,Clothing,Investment,240.42,1,1,2024-09-25
10,23,Female,Steventon,90,Clothing,Several,402.58,3,3,2025-08-20
136,28,Male,Joelport,64,Sports,Remember,428.15,4,1,2024-11-04
153,35,Male,East Anthony,94,Sports,Sound,408.41,2,2,2024-12-11
154,22,Male,South Travis,96,Home,Direction,90.67,1,1,2025-05-30
62,53,Male,Port Rachelport,18,Home,Partner,442.24,1,3,2025-04-24
